id,nhom_thuc_nghiem,gioi_tinh,nganh_hoc,diem_truoc_tac_dong,diem_sau_tac_dong,bl_toc_do_truy_cap,bl_giao_dien_de_nhin,bl_tai_lieu_phong_phu,bl_giang_vien_phan_hoi,sdl_ke_hoach_hoa,sdl_chien_luoc_thuc_hien,sdl_tu_danh_gia_phan_tu,ket_qua_hoc_tap
1,Thuc_nghiem_PBL,Nam,Su_pham,6.4,6.09,3,3,3,3,4,5,4.0,9.03
2,Doi_chung_thuyet_trinh,Nu,Ngoai_su_pham,5.09,5.56,3,4,3,2,2,3,,5.75
3,Doi_chung_thuyet_trinh,Nu,Su_pham,5.62,7.2,3,3,3,2,4,3,4.0,9.24
4,Thuc_nghiem_PBL,Nu,Ngoai_su_pham,7.3,7.17,5,4,4,4,4,4,3.0,8.74
5,Thuc_nghiem_PBL,Nam,Su_pham,5.64,7.43,4,4,4,3,4,4,4.0,8.54
6,Doi_chung_thuyet_trinh,Nam,Ngoai_su_pham,6.74,6.67,2,3,1,2,2,2,1.0,4.43
7,Thuc_nghiem_PBL,Nu,Su_pham,5.07,6.12,4,4,4,4,4,3,3.0,6.9
8,Doi_chung_thuyet_trinh,Nam,Ngoai_su_pham,5.79,5.15,5,4,5,4,4,4,4.0,9.29
9,Thuc_nghiem_PBL,Nam,Su_pham,5.05,5.88,4,4,4,4,4,4,4.0,8.57
10,Thuc_nghiem_PBL,Nu,Ngoai_su_pham,5.66,7.8,4,5,5,5,4,4,3.0,6.32
11,Doi_chung_thuyet_trinh,Nu,Ngoai_su_pham,6.84,7.51,4,3,3,3,5,3,4.0,8.57
12,Doi_chung_thuyet_trinh,Nam,Ngoai_su_pham,4.27,5.86,3,2,3,3,3,3,3.0,6.98
13,Doi_chung_thuyet_trinh,Nu,Ngoai_su_pham,6.43,7.58,2,2,2,3,3,4,4.0,8.93
14,Doi_chung_thuyet_trinh,Nam,Su_pham,6.24,6.79,4,4,4,4,4,4,4.0,7.79
15,Doi_chung_thuyet_trinh,Nu,Su_pham,5.41,7.0,4,4,4,3,4,4,3.0,8.01
16,Doi_chung_thuyet_trinh,Nu,Su_pham,4.55,5.11,5,4,4,4,4,5,4.0,9.64
17,Doi_chung_thuyet_trinh,Nam,Su_pham,6.07,6.93,5,4,5,5,3,3,2.0,6.41
18,Thuc_nghiem_PBL,Nu,Ngoai_su_pham,5.47,6.33,4,3,4,4,4,4,4.0,7.24
19,Doi_chung_thuyet_trinh,Nam,Ngoai_su_pham,6.23,6.49,2,2,3,3,3,3,3.0,7.13
20,Thuc_nghiem_PBL,Nu,Ngoai_su_pham,6.02,6.56,4,4,3,3,4,4,2.0,8.52
21,Doi_chung_thuyet_trinh,Nam,Ngoai_su_pham,7.6,8.59,4,4,4,3,5,4,4.0,7.41
22,Thuc_nghiem_PBL,Nam,Ngoai_su_pham,5.76,5.92,3,4,3,3,2,3,2.0,5.07
23,Thuc_nghiem_PBL,Nu,Ngoai_su_pham,4.98,6.7,4,3,4,3,3,3,3.0,7.12
24,Doi_chung_thuyet_trinh,Nu,Su_pham,6.18,6.23,3,4,3,4,4,5,3.0,7.65
25,Doi_chung_thuyet_trinh,Nam,Su_pham,6.22,7.36,2,3,4,3,4,4,3.0,7.3
26,Doi_chung_thuyet_trinh,Nu,Ngoai_su_pham,7.36,8.16,2,2,4,3,4,3,4.0,6.03
27,Thuc_nghiem_PBL,Nu,Ngoai_su_pham,6.84,9.39,3,3,3,4,4,4,4.0,7.15
28,Doi_chung_thuyet_trinh,Nam,Su_pham,6.36,7.14,3,2,4,5,4,4,4.0,8.12
29,Doi_chung_thuyet_trinh,Nu,Su_pham,7.46,6.41,4,3,4,3,4,4,4.0,9.44
30,Thuc_nghiem_PBL,Nu,Ngoai_su_pham,4.81,5.86,4,3,4,4,4,4,5.0,7.64
31,Thuc_nghiem_PBL,Nam,Su_pham,5.36,5.52,3,3,3,2,3,2,2.0,8.68
32,Thuc_nghiem_PBL,Nam,Su_pham,5.07,5.76,3,3,3,3,2,2,1.0,5.73
33,Thuc_nghiem_PBL,Nu,Ngoai_su_pham,5.61,7.92,5,5,5,5,4,4,5.0,8.46
34,Doi_chung_thuyet_trinh,Nam,Ngoai_su_pham,4.62,5.33,3,3,3,3,4,4,5.0,9.5
35,Doi_chung_thuyet_trinh,Nu,Su_pham,6.64,6.28,2,2,3,2,3,3,3.0,7.48
36,Thuc_nghiem_PBL,Nu,Ngoai_su_pham,5.78,6.07,1,2,2,2,2,2,2.0,5.96
37,Doi_chung_thuyet_trinh,Nam,Su_pham,4.53,4.76,3,4,3,4,3,4,5.0,8.2
38,Doi_chung_thuyet_trinh,Nam,Ngoai_su_pham,4.98,4.21,2,4,4,2,5,4,5.0,9.67
39,Thuc_nghiem_PBL,Nu,Su_pham,6.31,6.88,3,3,4,4,3,5,5.0,10.0
40,Doi_chung_thuyet_trinh,Nam,Ngoai_su_pham,6.84,7.29,4,5,5,5,4,5,,7.2
41,Thuc_nghiem_PBL,Nam,Su_pham,8.0,10.0,2,2,2,2,2,3,3.0,6.44
42,Doi_chung_thuyet_trinh,Nu,Su_pham,8.91,9.6,4,4,4,3,5,5,4.0,8.64
43,Doi_chung_thuyet_trinh,Nu,Ngoai_su_pham,6.41,4.78,5,4,4,4,4,4,5.0,7.8
44,Thuc_nghiem_PBL,Nu,Su_pham,5.01,6.35,2,2,2,3,3,2,2.0,6.6
45,Thuc_nghiem_PBL,Nu,Su_pham,3.87,5.03,3,3,2,3,4,5,4.0,7.98
46,Doi_chung_thuyet_trinh,Nu,Su_pham,6.27,6.8,3,3,3,3,4,3,4.0,8.93
47,Thuc_nghiem_PBL,Nam,Ngoai_su_pham,5.19,7.58,3,2,3,3,4,3,3.0,8.61
48,Doi_chung_thuyet_trinh,Nu,Ngoai_su_pham,5.58,4.13,4,3,3,2,4,4,3.0,7.59
49,Doi_chung_thuyet_trinh,Nu,Ngoai_su_pham,5.39,5.12,4,5,3,5,5,4,4.0,8.23
50,Doi_chung_thuyet_trinh,Nu,Su_pham,5.86,6.53,5,5,4,5,5,5,5.0,10.0
51,Doi_chung_thuyet_trinh,Nu,Su_pham,7.07,6.0,4,4,4,3,3,3,3.0,6.64
52,Thuc_nghiem_PBL,Nam,Su_pham,6.16,8.44,5,5,5,4,5,5,4.0,8.97
53,Thuc_nghiem_PBL,Nu,Ngoai_su_pham,5.84,7.24,4,3,4,4,4,3,4.0,7.84
54,Thuc_nghiem_PBL,Nam,Ngoai_su_pham,4.96,6.74,5,5,4,4,5,4,5.0,8.42
55,Thuc_nghiem_PBL,Nu,Ngoai_su_pham,4.33,4.97,3,3,4,4,2,3,3.0,6.05
56,Thuc_nghiem_PBL,Nam,Ngoai_su_pham,5.51,7.26,3,4,4,3,2,3,3.0,8.44
57,Doi_chung_thuyet_trinh,Nam,Su_pham,5.95,7.0,3,4,4,4,2,2,4.0,6.65
58,Thuc_nghiem_PBL,Nam,Ngoai_su_pham,7.77,9.05,5,5,5,5,5,4,5.0,10.0
59,Doi_chung_thuyet_trinh,Nu,Su_pham,6.13,6.52,4,3,5,5,4,3,3.0,7.14
60,Doi_chung_thuyet_trinh,Nu,Su_pham,6.98,7.4,2,3,3,3,3,3,4.0,7.58
61,Doi_chung_thuyet_trinh,Nam,Su_pham,,5.01,4,3,4,4,4,5,5.0,10.0
62,Doi_chung_thuyet_trinh,Nam,Su_pham,4.82,4.9,3,4,3,3,4,3,3.0,6.37
63,Thuc_nghiem_PBL,Nam,Su_pham,5.03,6.01,3,4,3,4,3,4,4.0,6.1
64,Doi_chung_thuyet_trinh,Nam,Su_pham,,5.78,4,4,4,4,4,4,4.0,9.31
65,Thuc_nghiem_PBL,Nu,Su_pham,8.13,10.0,5,4,3,3,5,3,4.0,7.59
66,Thuc_nghiem_PBL,Nam,Ngoai_su_pham,5.18,5.43,3,3,4,4,4,5,4.0,8.31
67,Doi_chung_thuyet_trinh,Nam,Su_pham,6.84,6.94,4,3,3,3,4,3,3.0,6.94
68,Thuc_nghiem_PBL,Nam,Su_pham,5.1,7.38,4,4,5,4,4,4,4.0,8.2
69,Thuc_nghiem_PBL,Nam,Ngoai_su_pham,6.93,7.44,4,4,4,3,4,5,4.0,7.91
70,Thuc_nghiem_PBL,Nu,Ngoai_su_pham,6.38,6.83,2,3,3,2,3,4,2.0,7.06
71,Doi_chung_thuyet_trinh,Nu,Su_pham,5.84,6.21,4,4,4,4,2,3,2.0,7.74
72,Thuc_nghiem_PBL,Nam,Su_pham,5.96,7.73,3,3,3,4,3,3,3.0,6.93
73,Thuc_nghiem_PBL,Nu,Ngoai_su_pham,5.35,6.45,3,2,2,2,3,2,2.0,5.89
74,Thuc_nghiem_PBL,Nam,Su_pham,6.45,8.61,3,4,3,3,5,5,5.0,8.45
75,Doi_chung_thuyet_trinh,Nam,Su_pham,5.55,6.43,4,3,4,4,5,4,4.0,7.3
76,Thuc_nghiem_PBL,Nam,Ngoai_su_pham,4.77,6.55,3,3,3,4,4,4,3.0,7.37
77,Thuc_nghiem_PBL,Nam,Su_pham,4.72,6.27,4,4,4,4,4,5,4.0,8.5
78,Thuc_nghiem_PBL,Nam,Ngoai_su_pham,6.17,9.13,2,2,2,3,4,3,3.0,6.76
79,Doi_chung_thuyet_trinh,Nu,Ngoai_su_pham,7.58,7.61,3,4,2,3,4,4,5.0,7.89
80,Doi_chung_thuyet_trinh,Nu,Ngoai_su_pham,6.16,4.76,4,3,2,3,4,2,4.0,7.37
81,Doi_chung_thuyet_trinh,Nu,Su_pham,5.88,7.36,3,4,3,3,4,4,4.0,7.44
82,Thuc_nghiem_PBL,Nam,Su_pham,,7.02,4,4,4,4,4,5,4.0,9.21
83,Thuc_nghiem_PBL,Nam,Su_pham,7.31,8.49,2,3,3,2,2,2,3.0,8.35
84,Doi_chung_thuyet_trinh,Nam,Su_pham,6.22,7.47,4,4,4,4,3,4,4.0,7.44
85,Doi_chung_thuyet_trinh,Nam,Ngoai_su_pham,5.59,4.51,3,4,2,4,3,3,,7.61
86,Doi_chung_thuyet_trinh,Nam,Su_pham,7.11,6.3,2,2,2,2,2,2,2.0,6.11
87,Thuc_nghiem_PBL,Nu,Ngoai_su_pham,6.43,6.25,2,2,2,1,1,1,2.0,6.14
88,Thuc_nghiem_PBL,Nu,Ngoai_su_pham,7.54,8.0,4,3,5,4,4,4,3.0,9.76
89,Doi_chung_thuyet_trinh,Nu,Ngoai_su_pham,6.18,6.73,5,4,3,4,5,5,5.0,9.39
90,Doi_chung_thuyet_trinh,Nu,Su_pham,4.78,5.39,3,4,3,3,4,4,5.0,7.15
91,Thuc_nghiem_PBL,Nu,Su_pham,4.63,5.95,4,3,4,3,2,2,2.0,7.27
92,Doi_chung_thuyet_trinh,Nu,Ngoai_su_pham,7.65,6.72,4,4,4,3,5,5,,9.57
93,Doi_chung_thuyet_trinh,Nam,Ngoai_su_pham,7.72,6.08,4,3,5,4,5,5,5.0,9.05
94,Thuc_nghiem_PBL,Nu,Ngoai_su_pham,5.82,6.96,3,2,3,2,2,4,3.0,7.97
95,Doi_chung_thuyet_trinh,Nu,Ngoai_su_pham,5.62,5.44,3,3,3,3,3,3,3.0,6.78
96,Thuc_nghiem_PBL,Nu,Ngoai_su_pham,7.46,8.93,3,3,3,2,2,2,2.0,4.77
97,Thuc_nghiem_PBL,Nu,Su_pham,4.89,6.55,4,4,3,4,4,4,4.0,8.33
98,Doi_chung_thuyet_trinh,Nam,Ngoai_su_pham,5.11,5.42,4,4,5,4,3,4,4.0,6.25
99,Doi_chung_thuyet_trinh,Nu,Su_pham,6.64,7.45,2,3,2,3,3,5,4.0,7.6
100,Thuc_nghiem_PBL,Nam,Ngoai_su_pham,5.61,6.89,2,3,2,1,1,2,2.0,6.87
101,Doi_chung_thuyet_trinh,Nu,Ngoai_su_pham,5.99,6.62,2,3,2,3,4,3,3.0,5.71
102,Thuc_nghiem_PBL,Nu,Su_pham,5.84,6.37,3,3,3,3,4,4,5.0,6.99
103,Doi_chung_thuyet_trinh,Nu,Su_pham,6.34,6.39,3,3,3,2,3,4,3.0,6.21
104,Thuc_nghiem_PBL,Nam,Su_pham,7.41,8.66,4,3,3,2,3,3,3.0,6.93
105,Doi_chung_thuyet_trinh,Nu,Ngoai_su_pham,6.09,6.95,4,2,3,3,3,2,2.0,6.23
106,Doi_chung_thuyet_trinh,Nu,Su_pham,6.64,6.53,3,3,3,3,3,4,4.0,8.84
107,Doi_chung_thuyet_trinh,Nam,Su_pham,,4.57,5,5,4,5,4,4,5.0,8.9
108,Doi_chung_thuyet_trinh,Nam,Su_pham,5.95,5.94,4,2,3,3,3,4,2.0,7.04
109,Thuc_nghiem_PBL,Nu,Su_pham,5.16,6.16,3,2,2,4,3,3,3.0,7.9
110,Doi_chung_thuyet_trinh,Nu,Su_pham,4.78,5.64,4,3,4,3,3,3,3.0,8.2
111,Thuc_nghiem_PBL,Nu,Su_pham,5.12,4.63,3,2,2,2,3,2,3.0,5.71
112,Doi_chung_thuyet_trinh,Nu,Su_pham,5.67,4.83,4,4,4,3,4,3,4.0,8.51
113,Doi_chung_thuyet_trinh,Nam,Su_pham,6.92,5.93,4,3,3,3,4,4,5.0,7.62
114,Thuc_nghiem_PBL,Nu,Su_pham,4.67,3.91,4,4,4,3,4,3,5.0,8.96
115,Doi_chung_thuyet_trinh,Nam,Su_pham,6.03,5.69,5,5,5,4,5,4,5.0,9.65
116,Doi_chung_thuyet_trinh,Nu,Su_pham,5.52,6.32,2,3,3,3,4,4,5.0,8.18
117,Thuc_nghiem_PBL,Nam,Ngoai_su_pham,5.67,6.54,5,4,5,5,4,4,4.0,8.0
118,Thuc_nghiem_PBL,Nu,Su_pham,7.0,8.26,3,3,2,3,4,5,4.0,8.17
119,Thuc_nghiem_PBL,Nam,Su_pham,6.54,8.51,2,3,2,3,3,3,4.0,4.8
120,Thuc_nghiem_PBL,Nu,Su_pham,7.34,9.5,4,2,5,4,3,4,4.0,7.91
121,Thuc_nghiem_PBL,Nam,Su_pham,5.85,6.89,3,2,3,3,4,4,3.0,7.56
122,Doi_chung_thuyet_trinh,Nam,Su_pham,5.3,6.59,4,2,3,3,3,3,3.0,7.0
123,Doi_chung_thuyet_trinh,Nu,Su_pham,5.78,6.05,4,4,4,3,5,4,5.0,9.05
124,Thuc_nghiem_PBL,Nam,Ngoai_su_pham,6.24,6.67,3,4,4,4,5,5,4.0,8.45
125,Doi_chung_thuyet_trinh,Nu,Su_pham,6.18,5.9,3,3,2,3,2,1,2.0,4.74
126,Doi_chung_thuyet_trinh,Nu,Su_pham,4.92,3.93,4,5,3,4,5,5,5.0,9.0
127,Thuc_nghiem_PBL,Nu,Su_pham,6.09,6.48,4,5,5,4,2,2,2.0,6.6
128,Doi_chung_thuyet_trinh,Nam,Su_pham,6.23,6.14,5,5,4,4,4,4,4.0,8.3
129,Doi_chung_thuyet_trinh,Nam,Su_pham,8.52,9.36,4,4,5,4,5,5,5.0,8.95
130,Doi_chung_thuyet_trinh,Nam,Ngoai_su_pham,7.88,9.45,5,4,4,5,4,5,4.0,9.29
131,Doi_chung_thuyet_trinh,Nu,Ngoai_su_pham,5.15,4.24,2,3,1,1,2,2,1.0,5.1
132,Doi_chung_thuyet_trinh,Nu,Su_pham,5.71,6.23,3,3,3,4,3,3,3.0,7.22
133,Thuc_nghiem_PBL,Nu,Su_pham,4.54,4.8,3,3,1,2,4,5,5.0,9.29
134,Doi_chung_thuyet_trinh,Nu,Su_pham,5.41,5.99,3,4,3,3,2,3,2.0,5.19
135,Doi_chung_thuyet_trinh,Nam,Su_pham,6.32,6.41,3,2,3,4,4,4,3.0,8.5
136,Thuc_nghiem_PBL,Nam,Ngoai_su_pham,7.21,6.84,3,3,3,4,4,2,5.0,7.26
137,Doi_chung_thuyet_trinh,Nam,Su_pham,5.27,6.21,5,5,5,5,4,4,4.0,7.72
138,Thuc_nghiem_PBL,Nam,Su_pham,5.35,5.96,4,4,4,3,4,2,3.0,6.64
139,Thuc_nghiem_PBL,Nam,Ngoai_su_pham,3.85,4.53,4,3,4,4,3,4,3.0,7.31
140,Thuc_nghiem_PBL,Nam,Su_pham,5.84,6.08,3,3,2,3,4,4,5.0,9.99
141,Doi_chung_thuyet_trinh,Nam,Su_pham,4.94,4.61,3,4,4,4,5,5,4.0,7.26
142,Thuc_nghiem_PBL,Nam,Ngoai_su_pham,5.47,6.91,3,3,4,3,3,2,3.0,5.77
143,Thuc_nghiem_PBL,Nu,Su_pham,5.12,6.07,4,3,4,4,5,3,4.0,6.69
144,Thuc_nghiem_PBL,Nu,Su_pham,5.91,7.27,4,5,5,4,3,4,4.0,9.47
145,Doi_chung_thuyet_trinh,Nu,Su_pham,4.24,4.73,5,5,4,4,5,5,5.0,9.09
146,Doi_chung_thuyet_trinh,Nam,Ngoai_su_pham,4.53,5.79,4,4,5,3,3,3,3.0,7.17
147,Thuc_nghiem_PBL,Nam,Su_pham,8.13,8.96,5,5,3,4,5,5,5.0,8.83
148,Thuc_nghiem_PBL,Nam,Su_pham,4.71,4.63,3,3,3,2,3,5,,6.48
149,Doi_chung_thuyet_trinh,Nam,Su_pham,4.9,5.96,3,4,3,3,3,3,2.0,6.91
150,Thuc_nghiem_PBL,Nu,Su_pham,7.84,8.67,4,5,4,4,4,4,4.0,10.0
151,Doi_chung_thuyet_trinh,Nu,Ngoai_su_pham,8.91,10.0,4,4,5,4,4,4,4.0,9.06
152,Thuc_nghiem_PBL,Nam,Su_pham,,6.24,5,3,4,3,3,4,3.0,6.43
153,Doi_chung_thuyet_trinh,Nam,Ngoai_su_pham,5.63,5.73,3,4,5,5,4,4,4.0,8.97
154,Thuc_nghiem_PBL,Nam,Ngoai_su_pham,6.34,7.72,3,4,4,4,4,2,3.0,6.61
155,Thuc_nghiem_PBL,Nam,Ngoai_su_pham,7.73,10.0,4,4,4,4,3,3,3.0,5.5
156,Doi_chung_thuyet_trinh,Nu,Su_pham,5.01,6.87,4,3,4,4,3,4,4.0,8.72
157,Thuc_nghiem_PBL,Nu,Ngoai_su_pham,5.75,6.91,4,4,3,3,2,2,2.0,7.64
158,Doi_chung_thuyet_trinh,Nu,Ngoai_su_pham,6.78,7.11,4,4,3,3,3,3,3.0,8.53
159,Doi_chung_thuyet_trinh,Nu,Su_pham,6.43,7.5,1,1,1,1,2,2,3.0,5.5
160,Doi_chung_thuyet_trinh,Nu,Ngoai_su_pham,,5.15,4,4,4,4,3,4,2.0,7.38
161,Doi_chung_thuyet_trinh,Nu,Ngoai_su_pham,5.87,6.33,1,1,1,1,4,4,4.0,8.08
162,Doi_chung_thuyet_trinh,Nu,Su_pham,4.63,4.8,2,2,1,2,3,3,2.0,7.46
163,Thuc_nghiem_PBL,Nu,Ngoai_su_pham,5.76,7.11,4,4,3,4,4,4,4.0,7.92
164,Thuc_nghiem_PBL,Nam,Su_pham,5.73,6.17,4,3,4,4,2,3,2.0,5.55
165,Thuc_nghiem_PBL,Nu,Ngoai_su_pham,6.23,6.06,2,3,2,2,2,3,2.0,7.03
166,Doi_chung_thuyet_trinh,Nu,Ngoai_su_pham,5.44,3.99,3,4,2,3,4,3,4.0,8.66
167,Thuc_nghiem_PBL,Nu,Su_pham,6.47,6.68,5,5,4,5,4,2,3.0,6.83
168,Thuc_nghiem_PBL,Nu,Ngoai_su_pham,7.01,7.75,3,3,3,4,4,4,3.0,8.81
169,Thuc_nghiem_PBL,Nu,Su_pham,6.16,7.02,5,5,5,5,3,4,4.0,8.52
170,Thuc_nghiem_PBL,Nu,Ngoai_su_pham,6.35,9.0,2,3,4,3,4,4,4.0,8.39
171,Thuc_nghiem_PBL,Nam,Ngoai_su_pham,6.05,8.04,3,4,4,4,3,4,4.0,8.51
172,Thuc_nghiem_PBL,Nu,Su_pham,6.0,6.33,4,5,5,4,4,5,5.0,8.15
173,Doi_chung_thuyet_trinh,Nu,Su_pham,5.28,5.76,3,4,4,3,3,3,3.0,6.1
174,Doi_chung_thuyet_trinh,Nu,Su_pham,6.32,6.19,3,2,2,2,4,3,4.0,6.77
175,Doi_chung_thuyet_trinh,Nam,Su_pham,5.9,5.88,3,4,3,3,4,4,4.0,8.5
176,Thuc_nghiem_PBL,Nu,Su_pham,8.09,9.34,3,3,3,3,4,4,4.0,6.93
177,Doi_chung_thuyet_trinh,Nam,Su_pham,7.57,8.27,2,3,2,2,4,4,3.0,6.93
178,Thuc_nghiem_PBL,Nam,Su_pham,6.39,7.21,5,3,3,3,5,4,4.0,6.29
179,Doi_chung_thuyet_trinh,Nu,Su_pham,5.24,6.29,4,4,3,3,3,3,4.0,9.07
180,Doi_chung_thuyet_trinh,Nu,Ngoai_su_pham,4.89,4.17,4,5,5,4,3,3,3.0,8.82
181,Doi_chung_thuyet_trinh,Nu,Ngoai_su_pham,7.19,7.4,3,4,3,5,4,5,5.0,9.11
182,Thuc_nghiem_PBL,Nam,Ngoai_su_pham,6.26,9.44,3,3,3,3,3,3,5.0,8.49
183,Thuc_nghiem_PBL,Nu,Su_pham,6.48,7.76,2,4,3,3,3,3,4.0,8.17
184,Doi_chung_thuyet_trinh,Nu,Ngoai_su_pham,4.26,5.6,4,4,4,3,4,4,5.0,7.85
185,Thuc_nghiem_PBL,Nu,Ngoai_su_pham,6.93,8.1,3,3,4,5,5,5,5.0,9.12
186,Thuc_nghiem_PBL,Nu,Su_pham,6.45,8.02,3,3,2,3,3,2,2.0,6.19
187,Thuc_nghiem_PBL,Nam,Su_pham,4.89,5.94,2,3,2,3,4,3,4.0,10.0
188,Thuc_nghiem_PBL,Nu,Ngoai_su_pham,5.53,6.49,4,5,4,4,3,3,2.0,7.74
189,Thuc_nghiem_PBL,Nam,Su_pham,6.26,6.74,3,3,4,3,4,3,3.0,7.42
190,Thuc_nghiem_PBL,Nu,Su_pham,6.05,7.5,3,3,1,2,5,4,5.0,8.63
191,Doi_chung_thuyet_trinh,Nam,Ngoai_su_pham,5.71,5.23,4,5,4,5,4,4,5.0,7.51
192,Doi_chung_thuyet_trinh,Nam,Su_pham,5.9,6.63,3,4,4,4,5,4,4.0,9.58
193,Doi_chung_thuyet_trinh,Nu,Su_pham,5.75,6.82,3,1,2,2,3,3,3.0,6.22
194,Thuc_nghiem_PBL,Nu,Ngoai_su_pham,6.15,7.55,3,4,4,2,3,3,4.0,8.48
195,Doi_chung_thuyet_trinh,Nu,Ngoai_su_pham,7.47,7.44,4,4,4,4,3,4,4.0,9.05
196,Thuc_nghiem_PBL,Nu,Su_pham,3.43,4.9,4,3,4,4,2,4,,7.93
197,Thuc_nghiem_PBL,Nu,Ngoai_su_pham,5.76,6.62,3,4,3,5,4,3,4.0,8.11
198,Thuc_nghiem_PBL,Nam,Ngoai_su_pham,6.18,8.02,2,3,1,3,3,3,3.0,7.36
199,Thuc_nghiem_PBL,Nam,Su_pham,6.3,5.93,4,3,4,3,3,4,4.0,7.52
200,Doi_chung_thuyet_trinh,Nam,Ngoai_su_pham,5.63,5.56,4,3,3,3,4,4,3.0,6.73
