Gender,Year,Nganh,Khoa,A1,A2,A3,A4,A5,A6,A7,A8,A9,A10,A11,B1,B2,B3,B4,B5,B6,B7,B8,B9,C1,C2,C3,C4,D1,D2,D3,D4,E1,E2,E3,E4,F1,F2,F3,F4,G1,G2,G3,H1,H2,H3,H4,I1,I2,I3,I4,J1,J2,J3,J4,K1,K2,K3,K4
0.0,2.0,1.0,Khoa Ng? v?n,4.0,4.0,5.0,4.0,5.0,4.0,5.0,4.0,5.0,4.0,5.0,4.0,3.0,4.0,4.0,4.0,4.0,4.0,4.0,4.0,4.0,4.0,4.0,4.0,4.0,4.0,4.0,4.0,4.0,4.0,4.0,4.0,4.0,4.0,4.0,4.0,4.0,4.0,4.0,4.0,4.0,4.0,4.0,4.0,4.0,4.0,4.0,4.0,4.0,4.0,4.0,4.0,4.0,4.0,4.0
0.0,2.0,0.0,Khoa Vi?t Nam h?c,3.0,3.0,3.0,3.0,3.0,3.0,3.0,3.0,3.0,3.0,3.0,3.0,3.0,3.0,3.0,3.0,3.0,3.0,3.0,3.0,3.0,3.0,3.0,3.0,3.0,3.0,3.0,3.0,3.0,3.0,3.0,3.0,3.0,3.0,3.0,3.0,3.0,3.0,3.0,3.0,3.0,3.0,3.0,3.0,3.0,3.0,3.0,3.0,3.0,3.0,3.0,3.0,3.0,3.0,3.0
0.0,1.0,1.0,Khoa Công ngh? thông tin,5.0,4.0,5.0,3.0,5.0,5.0,5.0,5.0,5.0,5.0,3.0,5.0,3.0,4.0,4.0,4.0,4.0,5.0,5.0,1.0,3.0,3.0,4.0,3.0,3.0,4.0,4.0,4.0,4.0,4.0,4.0,4.0,5.0,4.0,4.0,4.0,3.0,4.0,4.0,5.0,4.0,4.0,5.0,4.0,4.0,5.0,5.0,4.0,4.0,4.0,4.0,4.0,4.0,4.0,4.0
1.0,1.0,0.0,Khoa Công ngh? thông tin,4.0,4.0,4.0,5.0,5.0,5.0,5.0,4.0,5.0,5.0,5.0,4.0,3.0,4.0,4.0,5.0,5.0,5.0,4.0,1.0,4.0,3.0,4.0,4.0,4.0,4.0,4.0,3.0,3.0,3.0,3.0,4.0,4.0,4.0,4.0,4.0,2.0,4.0,5.0,4.0,4.0,4.0,3.0,3.0,3.0,3.0,4.0,4.0,3.0,4.0,3.0,4.0,3.0,3.0,3.0
0.0,2.0,0.0,Khoa Sinh h?c,3.0,2.0,3.0,3.0,3.0,3.0,3.0,2.0,3.0,4.0,4.0,5.0,3.0,4.0,3.0,4.0,4.0,4.0,4.0,3.0,4.0,4.0,4.0,5.0,4.0,4.0,4.0,4.0,4.0,4.0,4.0,4.0,4.0,4.0,4.0,4.0,4.0,4.0,4.0,4.0,2.0,4.0,4.0,4.0,4.0,4.0,4.0,4.0,4.0,4.0,4.0,4.0,3.0,3.0,4.0
0.0,1.0,1.0,Khoa Giáo d?c m?m non,5.0,5.0,4.0,5.0,5.0,5.0,5.0,5.0,5.0,5.0,3.0,5.0,3.0,5.0,5.0,5.0,5.0,5.0,5.0,1.0,4.0,4.0,5.0,5.0,3.0,4.0,5.0,4.0,4.0,4.0,5.0,4.0,5.0,5.0,5.0,5.0,4.0,5.0,5.0,5.0,5.0,5.0,5.0,4.0,5.0,5.0,5.0,5.0,5.0,5.0,5.0,1.0,1.0,1.0,3.0
0.0,1.0,1.0,Khoa Toán - Tin,5.0,5.0,5.0,5.0,5.0,5.0,4.0,4.0,5.0,4.0,2.0,4.0,3.0,4.0,4.0,4.0,4.0,4.0,4.0,2.0,3.0,4.0,4.0,4.0,4.0,4.0,4.0,4.0,4.0,5.0,4.0,5.0,4.0,5.0,4.0,4.0,4.0,4.0,5.0,4.0,4.0,5.0,4.0,4.0,4.0,5.0,4.0,4.0,4.0,4.0,4.0,2.0,2.0,3.0,3.0
0.0,1.0,0.0,Khoa Công tác xã h?i,3.0,5.0,4.0,5.0,5.0,5.0,5.0,3.0,2.0,4.0,4.0,5.0,2.0,5.0,5.0,5.0,5.0,5.0,5.0,1.0,3.0,5.0,2.0,3.0,3.0,5.0,3.0,3.0,3.0,3.0,4.0,5.0,5.0,5.0,5.0,5.0,3.0,4.0,4.0,5.0,5.0,5.0,5.0,3.0,3.0,5.0,3.0,3.0,2.0,2.0,4.0,5.0,5.0,5.0,5.0
0.0,1.0,1.0,Khoa V?t lí,5.0,5.0,5.0,5.0,4.0,4.0,4.0,4.0,4.0,3.0,2.0,4.0,3.0,4.0,4.0,5.0,5.0,5.0,5.0,2.0,4.0,4.0,4.0,4.0,4.0,5.0,4.0,4.0,4.0,4.0,4.0,4.0,4.0,4.0,4.0,3.0,5.0,5.0,5.0,5.0,5.0,5.0,5.0,5.0,4.0,4.0,4.0,5.0,4.0,4.0,4.0,4.0,4.0,4.0,4.0
1.0,2.0,1.0,Khoa V?t lí,3.0,4.0,5.0,5.0,5.0,5.0,5.0,3.0,4.0,5.0,4.0,4.0,4.0,5.0,4.0,3.0,4.0,5.0,4.0,4.0,3.0,4.0,4.0,3.0,4.0,3.0,4.0,5.0,4.0,4.0,4.0,4.0,4.0,5.0,5.0,3.0,5.0,5.0,5.0,3.0,4.0,3.0,3.0,1.0,2.0,1.0,1.0,1.0,2.0,2.0,2.0,3.0,2.0,2.0,2.0
0.0,2.0,1.0,Khoa Sinh h?c,4.0,4.0,4.0,4.0,4.0,4.0,4.0,4.0,4.0,4.0,2.0,4.0,4.0,4.0,4.0,4.0,5.0,5.0,4.0,1.0,4.0,4.0,4.0,4.0,4.0,4.0,4.0,4.0,4.0,4.0,4.0,4.0,4.0,4.0,4.0,4.0,4.0,4.0,4.0,4.0,4.0,4.0,4.0,4.0,4.0,4.0,4.0,4.0,4.0,4.0,4.0,4.0,3.0,3.0,3.0
0.0,2.0,1.0,Khoa Sinh h?c,4.0,4.0,4.0,4.0,4.0,4.0,4.0,4.0,4.0,4.0,1.0,5.0,3.0,5.0,3.0,5.0,4.0,4.0,4.0,1.0,4.0,4.0,4.0,4.0,4.0,4.0,4.0,4.0,4.0,4.0,4.0,4.0,4.0,4.0,4.0,4.0,4.0,4.0,4.0,4.0,4.0,4.0,4.0,4.0,4.0,4.0,4.0,4.0,4.0,4.0,4.0,4.0,3.0,3.0,3.0
0.0,1.0,1.0,Khoa S? ph?m Ti?ng Anh,3.0,3.0,5.0,5.0,4.0,4.0,4.0,4.0,3.0,4.0,3.0,5.0,3.0,4.0,5.0,4.0,4.0,4.0,3.0,2.0,4.0,5.0,5.0,5.0,4.0,4.0,4.0,4.0,4.0,4.0,4.0,3.0,4.0,4.0,4.0,4.0,5.0,5.0,5.0,3.0,2.0,3.0,1.0,4.0,4.0,3.0,2.0,3.0,2.0,3.0,1.0,3.0,3.0,1.0,2.0
1.0,1.0,0.0,Khoa Công ngh? thông tin,5.0,5.0,5.0,5.0,5.0,5.0,5.0,5.0,5.0,5.0,3.0,5.0,5.0,5.0,3.0,5.0,5.0,5.0,5.0,1.0,5.0,5.0,5.0,5.0,5.0,5.0,5.0,5.0,3.0,4.0,5.0,3.0,4.0,5.0,5.0,5.0,5.0,5.0,5.0,5.0,5.0,5.0,5.0,4.0,5.0,5.0,5.0,5.0,4.0,5.0,5.0,4.0,3.0,3.0,3.0
0.0,3.0,0.0,Khoa Tâm lí Giáo d?c,4.0,4.0,4.0,5.0,5.0,5.0,5.0,4.0,4.0,5.0,3.0,5.0,4.0,5.0,4.0,5.0,5.0,4.0,4.0,1.0,4.0,4.0,4.0,3.0,4.0,5.0,4.0,4.0,4.0,4.0,5.0,5.0,5.0,4.0,4.0,5.0,4.0,4.0,5.0,4.0,4.0,3.0,4.0,4.0,4.0,4.0,3.0,4.0,4.0,4.0,4.0,4.0,3.0,2.0,4.0
,,,,,,,,,,,,,,,,,,,,,,,,,,,,,,,,,,,,,,,,,,,,,,,,,,,,,,,,,,
0.0,2.0,1.0,Khoa Ng? v?n,4.0,3.0,5.0,5.0,5.0,5.0,5.0,4.0,4.0,4.0,1.0,5.0,3.0,4.0,4.0,3.0,5.0,5.0,5.0,1.0,4.0,4.0,4.0,5.0,3.0,3.0,4.0,4.0,4.0,4.0,5.0,5.0,4.0,5.0,4.0,3.0,4.0,4.0,5.0,5.0,5.0,5.0,4.0,4.0,4.0,5.0,5.0,4.0,4.0,5.0,3.0,2.0,2.0,2.0,3.0
0.0,2.0,1.0,Khoa Sinh h?c,4.0,4.0,5.0,5.0,5.0,5.0,5.0,5.0,5.0,5.0,1.0,5.0,1.0,5.0,5.0,5.0,5.0,5.0,5.0,1.0,4.0,4.0,4.0,4.0,5.0,5.0,4.0,4.0,5.0,5.0,5.0,5.0,5.0,5.0,5.0,5.0,3.0,4.0,5.0,5.0,5.0,5.0,5.0,4.0,5.0,5.0,5.0,5.0,4.0,5.0,5.0,2.0,3.0,2.0,5.0
0.0,2.0,1.0,Khoa Ng? v?n,4.0,4.0,4.0,5.0,5.0,5.0,5.0,4.0,3.0,4.0,3.0,5.0,3.0,5.0,5.0,5.0,5.0,5.0,5.0,2.0,3.0,4.0,4.0,3.0,3.0,4.0,3.0,4.0,3.0,3.0,3.0,3.0,4.0,4.0,5.0,4.0,4.0,4.0,4.0,4.0,4.0,4.0,4.0,3.0,4.0,4.0,4.0,4.0,3.0,3.0,4.0,4.0,3.0,3.0,2.0
1.0,2.0,1.0,Khoa Toán - Tin,4.0,4.0,4.0,4.0,4.0,4.0,4.0,4.0,4.0,4.0,4.0,4.0,4.0,4.0,4.0,4.0,4.0,4.0,4.0,1.0,4.0,4.0,4.0,4.0,4.0,4.0,4.0,4.0,3.0,3.0,3.0,3.0,4.0,4.0,4.0,4.0,3.0,4.0,4.0,4.0,4.0,4.0,4.0,4.0,3.0,4.0,4.0,4.0,3.0,4.0,4.0,3.0,3.0,4.0,1.0
0.0,2.0,1.0,Khoa S? ph?m K? thu?t,4.0,3.0,5.0,3.0,4.0,3.0,4.0,3.0,3.0,3.0,2.0,4.0,1.0,4.0,2.0,3.0,3.0,4.0,3.0,1.0,3.0,2.0,3.0,2.0,3.0,2.0,3.0,3.0,3.0,3.0,3.0,2.0,4.0,3.0,3.0,2.0,5.0,4.0,4.0,5.0,5.0,4.0,4.0,3.0,3.0,3.0,3.0,3.0,3.0,3.0,3.0,4.0,2.0,4.0,3.0
0.0,2.0,0.0,Khoa Hóa h?c,4.0,4.0,4.0,4.0,4.0,4.0,4.0,4.0,4.0,4.0,4.0,4.0,4.0,4.0,4.0,4.0,4.0,4.0,4.0,4.0,4.0,4.0,4.0,4.0,4.0,4.0,4.0,4.0,4.0,4.0,4.0,4.0,4.0,4.0,4.0,4.0,3.0,3.0,3.0,3.0,3.0,3.0,3.0,3.0,3.0,3.0,3.0,3.0,3.0,3.0,3.0,3.0,3.0,3.0,3.0
0.0,2.0,1.0,Khoa Ng? v?n,5.0,3.0,4.0,4.0,4.0,5.0,4.0,5.0,3.0,4.0,3.0,5.0,3.0,5.0,4.0,4.0,5.0,5.0,5.0,1.0,4.0,4.0,4.0,3.0,4.0,4.0,4.0,5.0,4.0,4.0,5.0,3.0,4.0,4.0,5.0,5.0,4.0,4.0,3.0,5.0,5.0,5.0,5.0,4.0,4.0,5.0,5.0,5.0,4.0,4.0,5.0,2.0,3.0,4.0,3.0
0.0,2.0,1.0,Khoa S? ph?m K? thu?t,3.0,3.0,4.0,2.0,5.0,3.0,4.0,3.0,3.0,4.0,2.0,5.0,2.0,3.0,4.0,4.0,4.0,5.0,5.0,1.0,3.0,4.0,2.0,3.0,3.0,4.0,2.0,3.0,3.0,4.0,3.0,3.0,5.0,3.0,3.0,3.0,3.0,4.0,4.0,3.0,4.0,4.0,5.0,3.0,4.0,3.0,3.0,3.0,4.0,3.0,2.0,4.0,3.0,2.0,3.0
0.0,1.0,1.0,Khoa Giáo d?c ti?u h?c,5.0,3.0,5.0,5.0,5.0,5.0,5.0,5.0,4.0,5.0,3.0,5.0,3.0,5.0,5.0,5.0,5.0,5.0,5.0,2.0,3.0,3.0,4.0,5.0,4.0,5.0,3.0,3.0,2.0,5.0,4.0,2.0,5.0,5.0,5.0,4.0,4.0,3.0,5.0,4.0,3.0,5.0,2.0,3.0,5.0,5.0,3.0,4.0,3.0,3.0,4.0,5.0,4.0,2.0,2.0
0.0,2.0,1.0,Khoa Sinh h?c,4.0,4.0,3.0,4.0,4.0,5.0,4.0,3.0,4.0,4.0,2.0,5.0,3.0,4.0,3.0,4.0,5.0,5.0,4.0,2.0,3.0,4.0,3.0,4.0,3.0,5.0,5.0,4.0,3.0,3.0,4.0,5.0,4.0,4.0,4.0,4.0,4.0,4.0,5.0,4.0,5.0,5.0,5.0,4.0,5.0,4.0,4.0,4.0,4.0,4.0,5.0,3.0,3.0,4.0,5.0
0.0,1.0,0.0,Khoa Toán - Tin,4.0,3.0,4.0,5.0,5.0,5.0,5.0,4.0,3.0,2.0,2.0,5.0,3.0,4.0,5.0,5.0,5.0,5.0,5.0,1.0,4.0,4.0,4.0,4.0,5.0,5.0,4.0,4.0,4.0,4.0,4.0,4.0,3.0,4.0,4.0,4.0,4.0,4.0,4.0,4.0,4.0,4.0,3.0,4.0,4.0,4.0,4.0,5.0,4.0,4.0,4.0,3.0,3.0,3.0,4.0
0.0,1.0,0.0,Khoa Sinh h?c,4.0,5.0,3.0,3.0,5.0,4.0,4.0,5.0,4.0,4.0,5.0,5.0,3.0,4.0,5.0,4.0,3.0,5.0,4.0,4.0,5.0,4.0,4.0,3.0,5.0,4.0,5.0,3.0,5.0,3.0,4.0,4.0,4.0,3.0,5.0,5.0,4.0,3.0,5.0,5.0,4.0,3.0,4.0,5.0,4.0,3.0,4.0,5.0,4.0,3.0,4.0,5.0,4.0,5.0,4.0
0.0,1.0,0.0,Khoa Toán - Tin,3.0,3.0,3.0,3.0,2.0,3.0,2.0,2.0,2.0,2.0,4.0,4.0,2.0,4.0,4.0,4.0,5.0,5.0,4.0,1.0,3.0,3.0,3.0,3.0,3.0,4.0,3.0,4.0,3.0,3.0,3.0,3.0,3.0,3.0,3.0,3.0,3.0,3.0,3.0,3.0,3.0,3.0,3.0,3.0,3.0,3.0,3.0,3.0,3.0,3.0,3.0,3.0,3.0,3.0,3.0
,,,,,,,,,,,,,,,,,,,,,,,,,,,,,,,,,,,,,,,,,,,,,,,,,,,,,,,,,,
0.0,3.0,1.0,Khoa Ng? v?n,3.0,3.0,3.0,3.0,3.0,3.0,3.0,3.0,3.0,3.0,3.0,4.0,3.0,4.0,4.0,4.0,4.0,4.0,4.0,4.0,3.0,3.0,3.0,3.0,3.0,3.0,3.0,3.0,3.0,3.0,3.0,3.0,3.0,3.0,3.0,3.0,3.0,3.0,3.0,3.0,3.0,3.0,3.0,3.0,3.0,3.0,3.0,3.0,3.0,4.0,3.0,4.0,3.0,4.0,3.0
0.0,1.0,0.0,Khoa Toán - Tin,5.0,5.0,5.0,5.0,5.0,5.0,5.0,4.0,5.0,4.0,4.0,5.0,4.0,4.0,4.0,4.0,4.0,4.0,4.0,5.0,5.0,4.0,4.0,5.0,5.0,5.0,5.0,4.0,5.0,5.0,4.0,4.0,4.0,4.0,4.0,4.0,3.0,4.0,4.0,4.0,4.0,4.0,4.0,4.0,4.0,5.0,4.0,5.0,4.0,5.0,4.0,5.0,4.0,4.0,4.0
0.0,1.0,1.0,Khoa Công ngh? thông tin,4.0,4.0,4.0,5.0,4.0,4.0,5.0,3.0,3.0,3.0,3.0,5.0,2.0,4.0,4.0,4.0,5.0,5.0,4.0,2.0,3.0,4.0,3.0,3.0,4.0,4.0,4.0,4.0,3.0,3.0,3.0,3.0,3.0,3.0,3.0,3.0,3.0,3.0,3.0,5.0,5.0,5.0,4.0,4.0,4.0,4.0,4.0,4.0,4.0,4.0,4.0,4.0,4.0,4.0,4.0
1.0,2.0,0.0,Khoa Vi?t Nam h?c,4.0,3.0,4.0,5.0,5.0,5.0,5.0,5.0,5.0,5.0,2.0,5.0,2.0,5.0,5.0,5.0,5.0,5.0,5.0,1.0,4.0,3.0,3.0,3.0,3.0,5.0,4.0,4.0,3.0,4.0,5.0,3.0,4.0,4.0,5.0,5.0,5.0,4.0,4.0,4.0,4.0,4.0,4.0,3.0,3.0,4.0,4.0,4.0,3.0,3.0,4.0,4.0,4.0,4.0,3.0
,,,,,,,,,,,,,,,,,,,,,,,,,,,,,,,,,,,,,,,,,,,,,,,,,,,,,,,,,,
0.0,2.0,1.0,Khoa Ng? v?n,4.0,4.0,5.0,5.0,4.0,5.0,5.0,4.0,5.0,5.0,2.0,4.0,2.0,3.0,4.0,5.0,5.0,5.0,5.0,2.0,4.0,4.0,4.0,3.0,4.0,3.0,4.0,4.0,4.0,5.0,4.0,4.0,5.0,5.0,4.0,4.0,4.0,3.0,3.0,4.0,4.0,5.0,5.0,4.0,4.0,5.0,4.0,4.0,4.0,4.0,5.0,2.0,3.0,3.0,4.0
0.0,1.0,1.0,Khoa Công ngh? thông tin,4.0,4.0,5.0,5.0,5.0,5.0,4.0,4.0,3.0,5.0,1.0,5.0,3.0,3.0,4.0,3.0,5.0,5.0,5.0,1.0,3.0,3.0,3.0,3.0,3.0,2.0,3.0,3.0,3.0,4.0,3.0,3.0,4.0,4.0,5.0,5.0,5.0,5.0,5.0,5.0,5.0,5.0,5.0,3.0,4.0,5.0,3.0,4.0,3.0,4.0,5.0,4.0,4.0,4.0,2.0
,,,,,,,,,,,,,,,,,,,,,,,,,,,,,,,,,,,,,,,,,,,,,,,,,,,,,,,,,,
,,,,,,,,,,,,,,,,,,,,,,,,,,,,,,,,,,,,,,,,,,,,,,,,,,,,,,,,,,
,,,,,,,,,,,,,,,,,,,,,,,,,,,,,,,,,,,,,,,,,,,,,,,,,,,,,,,,,,
,,,,,,,,,,,,,,,,,,,,,,,,,,,,,,,,,,,,,,,,,,,,,,,,,,,,,,,,,,
,,,,,,,,,,,,,,,,,,,,,,,,,,,,,,,,,,,,,,,,,,,,,,,,,,,,,,,,,,
,,,,,,,,,,,,,,,,,,,,,,,,,,,,,,,,,,,,,,,,,,,,,,,,,,,,,,,,,,
,,,,,,,,,,,,,,,,,,,,,,,,,,,,,,,,,,,,,,,,,,,,,,,,,,,,,,,,,,
,,,,,,,,,,,,,,,,,,,,,,,,,,,,,,,,,,,,,,,,,,,,,,,,,,,,,,,,,,
,,,,,,,,,,,,,,,,,,,,,,,,,,,,,,,,,,,,,,,,,,,,,,,,,,,,,,,,,,
,,,,,,,,,,,,,,,,,,,,,,,,,,,,,,,,,,,,,,,,,,,,,,,,,,,,,,,,,,
,,,,,,,,,,,,,,,,,,,,,,,,,,,,,,,,,,,,,,,,,,,,,,,,,,,,,,,,,,
,,,,,,,,,,,,,,,,,,,,,,,,,,,,,,,,,,,,,,,,,,,,,,,,,,,,,,,,,,
,,,,,,,,,,,,,,,,,,,,,,,,,,,,,,,,,,,,,,,,,,,,,,,,,,,,,,,,,,
,,,,,,,,,,,,,,,,,,,,,,,,,,,,,,,,,,,,,,,,,,,,,,,,,,,,,,,,,,
,,,,,,,,,,,,,,,,,,,,,,,,,,,,,,,,,,,,,,,,,,,,,,,,,,,,,,,,,,
,,,,,,,,,,,,,,,,,,,,,,,,,,,,,,,,,,,,,,,,,,,,,,,,,,,,,,,,,,
,,,,,,,,,,,,,,,,,,,,,,,,,,,,,,,,,,,,,,,,,,,,,,,,,,,,,,,,,,
,,,,,,,,,,,,,,,,,,,,,,,,,,,,,,,,,,,,,,,,,,,,,,,,,,,,,,,,,,
,,,,,,,,,,,,,,,,,,,,,,,,,,,,,,,,,,,,,,,,,,,,,,,,,,,,,,,,,,
,,,,,,,,,,,,,,,,,,,,,,,,,,,,,,,,,,,,,,,,,,,,,,,,,,,,,,,,,,
,,,,,,,,,,,,,,,,,,,,,,,,,,,,,,,,,,,,,,,,,,,,,,,,,,,,,,,,,,
,,,,,,,,,,,,,,,,,,,,,,,,,,,,,,,,,,,,,,,,,,,,,,,,,,,,,,,,,,
,,,,,,,,,,,,,,,,,,,,,,,,,,,,,,,,,,,,,,,,,,,,,,,,,,,,,,,,,,
,,,,,,,,,,,,,,,,,,,,,,,,,,,,,,,,,,,,,,,,,,,,,,,,,,,,,,,,,,
,,,,,,,,,,,,,,,,,,,,,,,,,,,,,,,,,,,,,,,,,,,,,,,,,,,,,,,,,,
,,,,,,,,,,,,,,,,,,,,,,,,,,,,,,,,,,,,,,,,,,,,,,,,,,,,,,,,,,
,,,,,,,,,,,,,,,,,,,,,,,,,,,,,,,,,,,,,,,,,,,,,,,,,,,,,,,,,,
,,,,,,,,,,,,,,,,,,,,,,,,,,,,,,,,,,,,,,,,,,,,,,,,,,,,,,,,,,
,,,,,,,,,,,,,,,,,,,,,,,,,,,,,,,,,,,,,,,,,,,,,,,,,,,,,,,,,,
,,,,,,,,,,,,,,,,,,,,,,,,,,,,,,,,,,,,,,,,,,,,,,,,,,,,,,,,,,
,,,,,,,,,,,,,,,,,,,,,,,,,,,,,,,,,,,,,,,,,,,,,,,,,,,,,,,,,,
,,,,,,,,,,,,,,,,,,,,,,,,,,,,,,,,,,,,,,,,,,,,,,,,,,,,,,,,,,
,,,,,,,,,,,,,,,,,,,,,,,,,,,,,,,,,,,,,,,,,,,,,,,,,,,,,,,,,,
,,,,,,,,,,,,,,,,,,,,,,,,,,,,,,,,,,,,,,,,,,,,,,,,,,,,,,,,,,
,,,,,,,,,,,,,,,,,,,,,,,,,,,,,,,,,,,,,,,,,,,,,,,,,,,,,,,,,,
,,,,,,,,,,,,,,,,,,,,,,,,,,,,,,,,,,,,,,,,,,,,,,,,,,,,,,,,,,
,,,,,,,,,,,,,,,,,,,,,,,,,,,,,,,,,,,,,,,,,,,,,,,,,,,,,,,,,,
,,,,,,,,,,,,,,,,,,,,,,,,,,,,,,,,,,,,,,,,,,,,,,,,,,,,,,,,,,
,,,,,,,,,,,,,,,,,,,,,,,,,,,,,,,,,,,,,,,,,,,,,,,,,,,,,,,,,,
,,,,,,,,,,,,,,,,,,,,,,,,,,,,,,,,,,,,,,,,,,,,,,,,,,,,,,,,,,
,,,,,,,,,,,,,,,,,,,,,,,,,,,,,,,,,,,,,,,,,,,,,,,,,,,,,,,,,,
,,,,,,,,,,,,,,,,,,,,,,,,,,,,,,,,,,,,,,,,,,,,,,,,,,,,,,,,,,
,,,,,,,,,,,,,,,,,,,,,,,,,,,,,,,,,,,,,,,,,,,,,,,,,,,,,,,,,,
,,,,,,,,,,,,,,,,,,,,,,,,,,,,,,,,,,,,,,,,,,,,,,,,,,,,,,,,,,
,,,,,,,,,,,,,,,,,,,,,,,,,,,,,,,,,,,,,,,,,,,,,,,,,,,,,,,,,,
,,,,,,,,,,,,,,,,,,,,,,,,,,,,,,,,,,,,,,,,,,,,,,,,,,,,,,,,,,
,,,,,,,,,,,,,,,,,,,,,,,,,,,,,,,,,,,,,,,,,,,,,,,,,,,,,,,,,,
,,,,,,,,,,,,,,,,,,,,,,,,,,,,,,,,,,,,,,,,,,,,,,,,,,,,,,,,,,
,,,,,,,,,,,,,,,,,,,,,,,,,,,,,,,,,,,,,,,,,,,,,,,,,,,,,,,,,,
,,,,,,,,,,,,,,,,,,,,,,,,,,,,,,,,,,,,,,,,,,,,,,,,,,,,,,,,,,
,,,,,,,,,,,,,,,,,,,,,,,,,,,,,,,,,,,,,,,,,,,,,,,,,,,,,,,,,,
,,,,,,,,,,,,,,,,,,,,,,,,,,,,,,,,,,,,,,,,,,,,,,,,,,,,,,,,,,
,,,,,,,,,,,,,,,,,,,,,,,,,,,,,,,,,,,,,,,,,,,,,,,,,,,,,,,,,,
,,,,,,,,,,,,,,,,,,,,,,,,,,,,,,,,,,,,,,,,,,,,,,,,,,,,,,,,,,
,,,,,,,,,,,,,,,,,,,,,,,,,,,,,,,,,,,,,,,,,,,,,,,,,,,,,,,,,,
,,,,,,,,,,,,,,,,,,,,,,,,,,,,,,,,,,,,,,,,,,,,,,,,,,,,,,,,,,
,,,,,,,,,,,,,,,,,,,,,,,,,,,,,,,,,,,,,,,,,,,,,,,,,,,,,,,,,,
,,,,,,,,,,,,,,,,,,,,,,,,,,,,,,,,,,,,,,,,,,,,,,,,,,,,,,,,,,
,,,,,,,,,,,,,,,,,,,,,,,,,,,,,,,,,,,,,,,,,,,,,,,,,,,,,,,,,,
,,,,,,,,,,,,,,,,,,,,,,,,,,,,,,,,,,,,,,,,,,,,,,,,,,,,,,,,,,
,,,,,,,,,,,,,,,,,,,,,,,,,,,,,,,,,,,,,,,,,,,,,,,,,,,,,,,,,,
,,,,,,,,,,,,,,,,,,,,,,,,,,,,,,,,,,,,,,,,,,,,,,,,,,,,,,,,,,
,,,,,,,,,,,,,,,,,,,,,,,,,,,,,,,,,,,,,,,,,,,,,,,,,,,,,,,,,,
,,,,,,,,,,,,,,,,,,,,,,,,,,,,,,,,,,,,,,,,,,,,,,,,,,,,,,,,,,
,,,,,,,,,,,,,,,,,,,,,,,,,,,,,,,,,,,,,,,,,,,,,,,,,,,,,,,,,,
,,,,,,,,,,,,,,,,,,,,,,,,,,,,,,,,,,,,,,,,,,,,,,,,,,,,,,,,,,
,,,,,,,,,,,,,,,,,,,,,,,,,,,,,,,,,,,,,,,,,,,,,,,,,,,,,,,,,,
,,,,,,,,,,,,,,,,,,,,,,,,,,,,,,,,,,,,,,,,,,,,,,,,,,,,,,,,,,
,,,,,,,,,,,,,,,,,,,,,,,,,,,,,,,,,,,,,,,,,,,,,,,,,,,,,,,,,,
,,,,,,,,,,,,,,,,,,,,,,,,,,,,,,,,,,,,,,,,,,,,,,,,,,,,,,,,,,
,,,,,,,,,,,,,,,,,,,,,,,,,,,,,,,,,,,,,,,,,,,,,,,,,,,,,,,,,,
,,,,,,,,,,,,,,,,,,,,,,,,,,,,,,,,,,,,,,,,,,,,,,,,,,,,,,,,,,
,,,,,,,,,,,,,,,,,,,,,,,,,,,,,,,,,,,,,,,,,,,,,,,,,,,,,,,,,,
,,,,,,,,,,,,,,,,,,,,,,,,,,,,,,,,,,,,,,,,,,,,,,,,,,,,,,,,,,
,,,,,,,,,,,,,,,,,,,,,,,,,,,,,,,,,,,,,,,,,,,,,,,,,,,,,,,,,,
,,,,,,,,,,,,,,,,,,,,,,,,,,,,,,,,,,,,,,,,,,,,,,,,,,,,,,,,,,
,,,,,,,,,,,,,,,,,,,,,,,,,,,,,,,,,,,,,,,,,,,,,,,,,,,,,,,,,,
,,,,,,,,,,,,,,,,,,,,,,,,,,,,,,,,,,,,,,,,,,,,,,,,,,,,,,,,,,
,,,,,,,,,,,,,,,,,,,,,,,,,,,,,,,,,,,,,,,,,,,,,,,,,,,,,,,,,,
,,,,,,,,,,,,,,,,,,,,,,,,,,,,,,,,,,,,,,,,,,,,,,,,,,,,,,,,,,
,,,,,,,,,,,,,,,,,,,,,,,,,,,,,,,,,,,,,,,,,,,,,,,,,,,,,,,,,,
,,,,,,,,,,,,,,,,,,,,,,,,,,,,,,,,,,,,,,,,,,,,,,,,,,,,,,,,,,
,,,,,,,,,,,,,,,,,,,,,,,,,,,,,,,,,,,,,,,,,,,,,,,,,,,,,,,,,,
,,,,,,,,,,,,,,,,,,,,,,,,,,,,,,,,,,,,,,,,,,,,,,,,,,,,,,,,,,
,,,,,,,,,,,,,,,,,,,,,,,,,,,,,,,,,,,,,,,,,,,,,,,,,,,,,,,,,,
,,,,,,,,,,,,,,,,,,,,,,,,,,,,,,,,,,,,,,,,,,,,,,,,,,,,,,,,,,
,,,,,,,,,,,,,,,,,,,,,,,,,,,,,,,,,,,,,,,,,,,,,,,,,,,,,,,,,,
,,,,,,,,,,,,,,,,,,,,,,,,,,,,,,,,,,,,,,,,,,,,,,,,,,,,,,,,,,
,,,,,,,,,,,,,,,,,,,,,,,,,,,,,,,,,,,,,,,,,,,,,,,,,,,,,,,,,,
,,,,,,,,,,,,,,,,,,,,,,,,,,,,,,,,,,,,,,,,,,,,,,,,,,,,,,,,,,
,,,,,,,,,,,,,,,,,,,,,,,,,,,,,,,,,,,,,,,,,,,,,,,,,,,,,,,,,,
,,,,,,,,,,,,,,,,,,,,,,,,,,,,,,,,,,,,,,,,,,,,,,,,,,,,,,,,,,
,,,,,,,,,,,,,,,,,,,,,,,,,,,,,,,,,,,,,,,,,,,,,,,,,,,,,,,,,,
,,,,,,,,,,,,,,,,,,,,,,,,,,,,,,,,,,,,,,,,,,,,,,,,,,,,,,,,,,
,,,,,,,,,,,,,,,,,,,,,,,,,,,,,,,,,,,,,,,,,,,,,,,,,,,,,,,,,,
,,,,,,,,,,,,,,,,,,,,,,,,,,,,,,,,,,,,,,,,,,,,,,,,,,,,,,,,,,
,,,,,,,,,,,,,,,,,,,,,,,,,,,,,,,,,,,,,,,,,,,,,,,,,,,,,,,,,,
,,,,,,,,,,,,,,,,,,,,,,,,,,,,,,,,,,,,,,,,,,,,,,,,,,,,,,,,,,
,,,,,,,,,,,,,,,,,,,,,,,,,,,,,,,,,,,,,,,,,,,,,,,,,,,,,,,,,,
,,,,,,,,,,,,,,,,,,,,,,,,,,,,,,,,,,,,,,,,,,,,,,,,,,,,,,,,,,
,,,,,,,,,,,,,,,,,,,,,,,,,,,,,,,,,,,,,,,,,,,,,,,,,,,,,,,,,,
,,,,,,,,,,,,,,,,,,,,,,,,,,,,,,,,,,,,,,,,,,,,,,,,,,,,,,,,,,
,,,,,,,,,,,,,,,,,,,,,,,,,,,,,,,,,,,,,,,,,,,,,,,,,,,,,,,,,,
,,,,,,,,,,,,,,,,,,,,,,,,,,,,,,,,,,,,,,,,,,,,,,,,,,,,,,,,,,
,,,,,,,,,,,,,,,,,,,,,,,,,,,,,,,,,,,,,,,,,,,,,,,,,,,,,,,,,,
,,,,,,,,,,,,,,,,,,,,,,,,,,,,,,,,,,,,,,,,,,,,,,,,,,,,,,,,,,
,,,,,,,,,,,,,,,,,,,,,,,,,,,,,,,,,,,,,,,,,,,,,,,,,,,,,,,,,,
,,,,,,,,,,,,,,,,,,,,,,,,,,,,,,,,,,,,,,,,,,,,,,,,,,,,,,,,,,
,,,,,,,,,,,,,,,,,,,,,,,,,,,,,,,,,,,,,,,,,,,,,,,,,,,,,,,,,,
,,,,,,,,,,,,,,,,,,,,,,,,,,,,,,,,,,,,,,,,,,,,,,,,,,,,,,,,,,
,,,,,,,,,,,,,,,,,,,,,,,,,,,,,,,,,,,,,,,,,,,,,,,,,,,,,,,,,,
,,,,,,,,,,,,,,,,,,,,,,,,,,,,,,,,,,,,,,,,,,,,,,,,,,,,,,,,,,
,,,,,,,,,,,,,,,,,,,,,,,,,,,,,,,,,,,,,,,,,,,,,,,,,,,,,,,,,,
,,,,,,,,,,,,,,,,,,,,,,,,,,,,,,,,,,,,,,,,,,,,,,,,,,,,,,,,,,
,,,,,,,,,,,,,,,,,,,,,,,,,,,,,,,,,,,,,,,,,,,,,,,,,,,,,,,,,,
,,,,,,,,,,,,,,,,,,,,,,,,,,,,,,,,,,,,,,,,,,,,,,,,,,,,,,,,,,
,,,,,,,,,,,,,,,,,,,,,,,,,,,,,,,,,,,,,,,,,,,,,,,,,,,,,,,,,,
,,,,,,,,,,,,,,,,,,,,,,,,,,,,,,,,,,,,,,,,,,,,,,,,,,,,,,,,,,
,,,,,,,,,,,,,,,,,,,,,,,,,,,,,,,,,,,,,,,,,,,,,,,,,,,,,,,,,,
,,,,,,,,,,,,,,,,,,,,,,,,,,,,,,,,,,,,,,,,,,,,,,,,,,,,,,,,,,
,,,,,,,,,,,,,,,,,,,,,,,,,,,,,,,,,,,,,,,,,,,,,,,,,,,,,,,,,,
,,,,,,,,,,,,,,,,,,,,,,,,,,,,,,,,,,,,,,,,,,,,,,,,,,,,,,,,,,
,,,,,,,,,,,,,,,,,,,,,,,,,,,,,,,,,,,,,,,,,,,,,,,,,,,,,,,,,,
,,,,,,,,,,,,,,,,,,,,,,,,,,,,,,,,,,,,,,,,,,,,,,,,,,,,,,,,,,
,,,,,,,,,,,,,,,,,,,,,,,,,,,,,,,,,,,,,,,,,,,,,,,,,,,,,,,,,,
,,,,,,,,,,,,,,,,,,,,,,,,,,,,,,,,,,,,,,,,,,,,,,,,,,,,,,,,,,
,,,,,,,,,,,,,,,,,,,,,,,,,,,,,,,,,,,,,,,,,,,,,,,,,,,,,,,,,,
,,,,,,,,,,,,,,,,,,,,,,,,,,,,,,,,,,,,,,,,,,,,,,,,,,,,,,,,,,
,,,,,,,,,,,,,,,,,,,,,,,,,,,,,,,,,,,,,,,,,,,,,,,,,,,,,,,,,,
,,,,,,,,,,,,,,,,,,,,,,,,,,,,,,,,,,,,,,,,,,,,,,,,,,,,,,,,,,
,,,,,,,,,,,,,,,,,,,,,,,,,,,,,,,,,,,,,,,,,,,,,,,,,,,,,,,,,,
,,,,,,,,,,,,,,,,,,,,,,,,,,,,,,,,,,,,,,,,,,,,,,,,,,,,,,,,,,
,,,,,,,,,,,,,,,,,,,,,,,,,,,,,,,,,,,,,,,,,,,,,,,,,,,,,,,,,,
,,,,,,,,,,,,,,,,,,,,,,,,,,,,,,,,,,,,,,,,,,,,,,,,,,,,,,,,,,
,,,,,,,,,,,,,,,,,,,,,,,,,,,,,,,,,,,,,,,,,,,,,,,,,,,,,,,,,,
,,,,,,,,,,,,,,,,,,,,,,,,,,,,,,,,,,,,,,,,,,,,,,,,,,,,,,,,,,
,,,,,,,,,,,,,,,,,,,,,,,,,,,,,,,,,,,,,,,,,,,,,,,,,,,,,,,,,,
,,,,,,,,,,,,,,,,,,,,,,,,,,,,,,,,,,,,,,,,,,,,,,,,,,,,,,,,,,
0.0,1.0,1.0,Khoa S? ph?m Ti?ng Anh,4.0,4.0,4.0,5.0,4.0,4.0,4.0,4.0,5.0,5.0,1.0,5.0,5.0,5.0,5.0,5.0,5.0,5.0,5.0,1.0,5.0,4.0,4.0,4.0,4.0,4.0,4.0,4.0,4.0,4.0,4.0,3.0,5.0,5.0,5.0,5.0,4.0,4.0,5.0,5.0,5.0,5.0,5.0,5.0,5.0,5.0,5.0,5.0,4.0,5.0,5.0,2.0,1.0,1.0,3.0
0.0,2.0,0.0,Khoa Qu?n lí giáo d?c,3.0,3.0,3.0,3.0,3.0,3.0,3.0,3.0,3.0,3.0,3.0,3.0,3.0,3.0,3.0,3.0,3.0,3.0,3.0,3.0,3.0,3.0,3.0,3.0,3.0,3.0,3.0,3.0,3.0,3.0,3.0,3.0,3.0,3.0,3.0,3.0,3.0,3.0,3.0,3.0,3.0,3.0,3.0,3.0,3.0,3.0,3.0,3.0,3.0,3.0,3.0,3.0,3.0,3.0,3.0
0.0,2.0,1.0,Khoa Toán - Tin,4.0,4.0,4.0,4.0,4.0,4.0,4.0,4.0,4.0,4.0,4.0,3.0,3.0,3.0,4.0,3.0,4.0,3.0,4.0,3.0,3.0,4.0,3.0,4.0,4.0,3.0,3.0,4.0,4.0,3.0,3.0,3.0,4.0,3.0,4.0,3.0,4.0,5.0,4.0,4.0,3.0,5.0,4.0,5.0,4.0,3.0,4.0,4.0,3.0,5.0,4.0,5.0,4.0,3.0,5.0
0.0,1.0,1.0,Khoa Công ngh? thông tin,3.0,3.0,2.0,5.0,5.0,4.0,4.0,4.0,3.0,3.0,3.0,5.0,3.0,5.0,4.0,4.0,4.0,4.0,4.0,4.0,3.0,4.0,3.0,3.0,3.0,3.0,3.0,3.0,5.0,3.0,3.0,3.0,3.0,3.0,3.0,3.0,4.0,4.0,4.0,5.0,4.0,4.0,5.0,4.0,4.0,4.0,4.0,4.0,3.0,3.0,3.0,3.0,3.0,3.0,3.0
0.0,2.0,1.0,Khoa Ng? v?n,4.0,4.0,5.0,4.0,4.0,4.0,4.0,4.0,4.0,4.0,4.0,3.0,2.0,3.0,1.0,4.0,5.0,5.0,4.0,2.0,4.0,3.0,4.0,4.0,4.0,4.0,4.0,4.0,3.0,4.0,4.0,4.0,4.0,4.0,4.0,4.0,2.0,3.0,3.0,4.0,4.0,4.0,4.0,4.0,4.0,4.0,4.0,4.0,4.0,4.0,4.0,2.0,2.0,2.0,1.0
0.0,3.0,0.0,Khoa Qu?n lí giáo d?c,4.0,4.0,4.0,4.0,4.0,4.0,4.0,3.0,4.0,3.0,1.0,5.0,2.0,5.0,3.0,4.0,5.0,5.0,5.0,1.0,5.0,5.0,4.0,4.0,5.0,5.0,5.0,5.0,3.0,5.0,5.0,5.0,5.0,4.0,4.0,4.0,5.0,4.0,4.0,4.0,4.0,4.0,4.0,4.0,4.0,5.0,4.0,4.0,4.0,4.0,4.0,2.0,2.0,3.0,1.0
0.0,2.0,1.0,Khoa L?ch s?,4.0,4.0,4.0,4.0,4.0,5.0,5.0,4.0,3.0,4.0,4.0,5.0,4.0,5.0,5.0,5.0,5.0,5.0,4.0,3.0,4.0,4.0,3.0,4.0,4.0,4.0,4.0,4.0,3.0,3.0,3.0,3.0,4.0,4.0,4.0,5.0,4.0,4.0,4.0,4.0,4.0,4.0,4.0,4.0,4.0,4.0,4.0,4.0,4.0,4.0,4.0,4.0,4.0,4.0,4.0
0.0,2.0,1.0,Khoa Ng? v?n,5.0,5.0,5.0,5.0,5.0,5.0,5.0,5.0,5.0,5.0,3.0,5.0,4.0,5.0,5.0,5.0,5.0,5.0,5.0,3.0,4.0,4.0,4.0,4.0,4.0,4.0,4.0,4.0,5.0,5.0,5.0,5.0,4.0,4.0,4.0,4.0,4.0,4.0,4.0,5.0,5.0,5.0,5.0,5.0,5.0,5.0,5.0,5.0,5.0,5.0,5.0,4.0,2.0,3.0,3.0
