MAHS,Gioitinh,LOP,LOPTN,LOPTN_,BTNHOM,CDTUDUY,B1KT,CDTHHIEN,B2KT,CDCHGIAO,B3KT,CDTHKE
8.0,1.0,10C1,DC,0.0,1.0,TH1,2.0,1.0,3.0,1.0,2.0,1.0
4.0,0.0,10C1,DC,0.0,1.0,TH1,3.0,1.0,3.0,1.0,3.0,1.0
31.0,0.0,10C1,DC,0.0,1.0,TH1,3.0,1.0,4.0,1.0,4.0,1.0
47.0,1.0,C2,DC,0.0,1.0,TH1,4.0,1.0,4.0,1.0,4.0,1.0
43.0,0.0,C2,DC,0.0,2.0,TH1,2.0,1.0,2.0,1.0,4.0,1.0
5.0,1.0,C2,DC,0.0,2.0,TH1,2.0,1.0,4.0,1.0,2.0,1.0
21.0,1.0,10C1,DC,0.0,2.0,TH1,3.0,1.0,2.0,1.0,4.0,1.0
12.0,1.0,C2,DC,0.0,2.0,TH1,3.0,1.0,3.0,1.0,4.0,1.0
48.0,0.0,C2,DC,0.0,2.0,TH1,3.0,1.0,3.0,1.0,4.0,1.0
8.0,1.0,C2,DC,0.0,2.0,TH1,3.0,1.0,4.0,1.0,3.0,1.0
18.0,1.0,10C1,DC,0.0,2.0,TH1,4.0,1.0,4.0,1.0,3.0,1.0
34.0,0.0,10C1,DC,0.0,2.0,TH1,5.5,2.0,2.0,1.0,2.0,1.0
33.0,0.0,C2,DC,0.0,2.0,TH1,5.75,2.0,4.0,1.0,3.0,1.0
32.0,0.0,10C1,DC,0.0,2.0,TH1,6.5,2.0,3.0,1.0,2.0,1.0
44.0,1.0,10C1,DC,0.0,3.0,TH1,1.0,1.0,1.0,1.0,3.0,1.0
29.0,1.0,10C1,DC,0.0,3.0,TH1,1.0,1.0,3.0,1.0,3.0,1.0
11.0,0.0,C2,DC,0.0,3.0,TH1,1.0,1.0,3.0,1.0,1.0,1.0
6.0,1.0,C2,DC,0.0,3.0,TH1,2.0,1.0,4.0,1.0,3.0,1.0
25.0,1.0,C2,DC,0.0,3.0,TH1,2.0,1.0,4.0,1.0,1.0,1.0
32.0,1.0,C2,DC,0.0,3.0,TH1,6.75,2.0,1.0,1.0,4.0,1.0
37.0,0.0,C2,DC,0.0,4.0,TH1,2.0,1.0,4.0,1.0,4.0,1.0
40.0,0.0,C2,DC,0.0,4.0,TH1,4.0,1.0,2.0,1.0,4.0,1.0
28.0,1.0,10C1,DC,0.0,4.0,TH1,4.0,1.0,4.0,1.0,1.0,1.0
13.0,1.0,10C1,DC,0.0,4.0,TH1,5.0,2.0,2.0,1.0,1.0,1.0
43.0,0.0,10C1,DC,0.0,4.0,TH1,6.0,2.0,4.0,1.0,1.0,1.0
29.0,1.0,10A4,TN,1.0,5.0,TH2,5.0,2.0,1.0,1.0,2.0,1.0
20.0,1.0,C2,DC,0.0,5.0,TH2,5.25,2.0,3.0,1.0,1.0,1.0
27.0,0.0,C2,DC,0.0,5.0,TH2,6.0,2.0,2.0,1.0,4.0,1.0
4.0,1.0,10A4,TN,1.0,5.0,TH2,6.25,2.0,1.0,1.0,3.0,1.0
11.0,1.0,10A4,TN,1.0,5.0,TH2,6.25,2.0,3.0,1.0,3.0,1.0
25.0,1.0,10A2,TN,1.0,5.0,TH2,7.0,3.0,7.0,3.0,1.0,1.0
13.0,1.0,10A2,TN,1.0,5.0,TH2,7.0,3.0,8.25,3.0,1.0,1.0
2.0,0.0,10A4,TN,1.0,5.0,TH2,8.0,3.0,3.0,1.0,3.0,1.0
28.0,0.0,10A4,TN,1.0,5.25,TH2,5.5,2.0,1.0,1.0,1.0,1.0
20.0,0.0,10C1,DC,0.0,5.25,TH2,5.5,2.0,6.25,2.0,3.0,1.0
42.0,1.0,C2,DC,0.0,5.25,TH2,6.0,2.0,1.0,1.0,3.0,1.0
8.0,0.0,10A4,TN,1.0,5.25,TH2,6.75,2.0,1.0,1.0,4.0,1.0
4.0,1.0,C2,DC,0.0,5.25,TH2,6.75,2.0,4.0,1.0,4.0,1.0
15.0,0.0,10C1,DC,0.0,5.25,TH2,6.75,2.0,5.75,2.0,3.0,1.0
20.0,0.0,10A2,TN,1.0,5.25,TH2,8.5,4.0,9.75,4.0,1.0,1.0
38.0,1.0,10A2,TN,1.0,5.25,TH2,8.75,4.0,9.0,4.0,2.0,1.0
34.0,1.0,10A2,TN,1.0,5.25,TH2,8.75,4.0,9.5,4.0,1.0,1.0
21.0,0.0,10A2,TN,1.0,5.5,TH3,7.25,3.0,8.25,3.0,6.75,2.0
23.0,0.0,10A4,TN,1.0,5.5,TH3,8.25,3.0,7.25,3.0,5.0,2.0
17.0,0.0,10A2,TN,1.0,5.5,TH3,8.75,4.0,8.75,4.0,3.0,1.0
2.0,1.0,10A2,TN,1.0,5.5,TH3,9.0,4.0,9.75,4.0,5.0,2.0
25.0,0.0,10C1,DC,0.0,5.75,TH3,5.75,2.0,5.0,2.0,4.0,1.0
18.0,1.0,C2,DC,0.0,5.75,TH3,6.5,2.0,4.0,1.0,2.0,1.0
19.0,0.0,10C1,DC,0.0,5.75,TH3,7.75,3.0,6.75,2.0,1.0,1.0
33.0,0.0,10A4,TN,1.0,5.75,TH3,7.75,3.0,7.5,3.0,6.0,2.0
20.0,1.0,10A4,TN,1.0,5.75,TH3,8.25,3.0,6.25,2.0,2.0,1.0
23.0,0.0,10A2,TN,1.0,5.75,TH3,9.25,4.0,9.5,4.0,6.5,2.0
36.0,0.0,10A2,TN,1.0,6.0,TH3,6.25,2.0,2.0,1.0,5.0,2.0
23.0,0.0,10C1,DC,0.0,6.0,TH3,6.5,2.0,5.0,2.0,1.0,1.0
44.0,0.0,10C1,DC,0.0,6.0,TH3,7.0,3.0,5.25,2.0,2.0,1.0
36.0,1.0,10A4,TN,1.0,6.0,TH3,7.0,3.0,7.75,3.0,6.0,2.0
27.0,1.0,10A2,TN,1.0,6.0,TH3,7.0,3.0,8.25,3.0,2.0,1.0
1.0,0.0,C2,DC,0.0,6.0,TH3,8.0,3.0,4.0,1.0,1.0,1.0
16.0,1.0,10A4,TN,1.0,6.0,TH3,8.0,3.0,6.25,2.0,3.0,1.0
40.0,1.0,10A4,TN,1.0,6.0,TH3,8.0,3.0,7.75,3.0,2.0,1.0
14.0,0.0,10A4,TN,1.0,6.0,TH3,8.25,3.0,6.25,2.0,1.0,1.0
24.0,0.0,10C1,DC,0.0,6.25,TH3,6.75,2.0,5.0,2.0,4.0,1.0
3.0,0.0,C2,DC,0.0,6.25,TH3,7.5,3.0,1.0,1.0,4.0,1.0
22.0,1.0,10C1,DC,0.0,6.25,TH3,7.5,3.0,6.75,2.0,4.0,1.0
45.0,1.0,C2,DC,0.0,6.25,TH3,7.75,3.0,1.0,1.0,2.0,1.0
10.0,1.0,10C1,DC,0.0,6.25,TH3,7.75,3.0,6.0,2.0,3.0,1.0
17.0,1.0,10A4,TN,1.0,6.25,TH3,7.75,3.0,6.5,2.0,2.0,1.0
22.0,1.0,10A4,TN,1.0,6.25,TH3,7.75,3.0,6.5,2.0,2.0,1.0
30.0,0.0,C2,DC,0.0,6.25,TH3,8.25,3.0,6.75,2.0,3.0,1.0
33.0,0.0,10A2,TN,1.0,6.25,TH3,8.25,3.0,8.0,3.0,4.0,1.0
32.0,1.0,10A2,TN,1.0,6.25,TH3,8.25,3.0,8.25,3.0,6.75,2.0
14.0,1.0,10A2,TN,1.0,6.25,TH3,9.0,4.0,9.75,4.0,5.25,2.0
31.0,1.0,10A2,TN,1.0,6.25,TH3,9.75,4.0,9.25,4.0,5.0,2.0
7.0,1.0,10A2,TN,1.0,6.5,TH4,5.25,2.0,5.5,2.0,5.25,2.0
26.0,1.0,10A2,TN,1.0,6.5,TH4,6.5,2.0,6.75,2.0,5.75,2.0
9.0,1.0,C2,DC,0.0,6.5,TH4,7.0,3.0,5.25,2.0,2.0,1.0
9.0,0.0,10C1,DC,0.0,6.5,TH4,7.0,3.0,8.0,3.0,3.0,1.0
24.0,0.0,C2,DC,0.0,6.5,TH4,7.25,3.0,6.5,2.0,4.0,1.0
32.0,1.0,10A4,TN,1.0,6.5,TH4,7.25,3.0,8.25,3.0,6.5,2.0
4.0,1.0,10A2,TN,1.0,6.5,TH4,7.5,3.0,8.0,3.0,6.75,2.0
7.0,0.0,C2,DC,0.0,6.5,TH4,7.75,3.0,6.75,2.0,2.0,1.0
33.0,0.0,10C1,DC,0.0,6.5,TH4,7.75,3.0,7.25,3.0,1.0,1.0
9.0,0.0,10A2,TN,1.0,6.5,TH4,7.75,3.0,8.0,3.0,7.25,3.0
3.0,0.0,10A2,TN,1.0,6.5,TH4,7.75,3.0,8.25,3.0,6.75,2.0
28.0,0.0,C2,DC,0.0,6.5,TH4,8.0,3.0,6.25,2.0,1.0,1.0
7.0,1.0,10C1,DC,0.0,6.5,TH4,8.0,3.0,7.75,3.0,6.0,2.0
3.0,1.0,10A4,TN,1.0,6.5,TH4,8.25,3.0,8.25,3.0,6.25,2.0
8.0,1.0,10A2,TN,1.0,6.5,TH4,8.5,4.0,8.75,4.0,6.5,2.0
18.0,1.0,10A2,TN,1.0,6.5,TH4,8.75,4.0,9.25,4.0,8.0,3.0
28.0,1.0,10A2,TN,1.0,6.5,TH4,9.0,4.0,9.0,4.0,5.75,2.0
31.0,0.0,10A4,TN,1.0,6.5,TH4,9.25,4.0,8.5,4.0,6.5,2.0
40.0,1.0,10A2,TN,1.0,6.5,TH4,9.5,4.0,8.75,4.0,6.5,2.0
12.0,0.0,10A2,TN,1.0,6.5,TH4,9.5,4.0,9.25,4.0,6.5,2.0
6.0,1.0,10A4,TN,1.0,6.5,TH4,9.75,4.0,7.0,3.0,5.25,2.0
30.0,0.0,10A2,TN,1.0,6.75,TH4,6.0,2.0,4.0,1.0,6.0,2.0
19.0,0.0,10A4,TN,1.0,6.75,TH4,7.5,3.0,7.0,3.0,5.0,2.0
17.0,0.0,C2,DC,0.0,6.75,TH4,7.75,3.0,5.5,2.0,2.0,1.0
22.0,0.0,C2,DC,0.0,6.75,TH4,7.75,3.0,6.5,2.0,2.0,1.0
35.0,1.0,10C1,DC,0.0,6.75,TH4,7.75,3.0,7.0,3.0,2.0,1.0
37.0,1.0,10C1,DC,0.0,6.75,TH4,7.75,3.0,7.25,3.0,3.0,1.0
42.0,1.0,10A4,TN,1.0,6.75,TH4,7.75,3.0,7.75,3.0,6.75,2.0
43.0,0.0,10A4,TN,1.0,6.75,TH4,7.75,3.0,8.25,3.0,6.5,2.0
36.0,1.0,10C1,DC,0.0,6.75,TH4,8.0,3.0,7.25,3.0,6.75,2.0
15.0,1.0,C2,DC,0.0,6.75,TH4,8.25,3.0,5.0,2.0,3.0,1.0
27.0,1.0,10A4,TN,1.0,6.75,TH4,9.25,4.0,7.5,3.0,6.75,2.0
45.0,0.0,10A2,TN,1.0,6.75,TH4,9.25,4.0,9.0,4.0,7.75,3.0
1.0,1.0,10A4,TN,1.0,6.75,TH4,9.5,4.0,8.0,3.0,6.0,2.0
15.0,0.0,10A4,TN,1.0,6.75,TH4,9.75,4.0,7.75,3.0,6.25,2.0
18.0,1.0,10A4,TN,1.0,6.75,TH4,9.75,4.0,8.5,4.0,5.5,2.0
46.0,1.0,10A2,TN,1.0,6.75,TH4,9.75,4.0,9.0,4.0,5.0,2.0
26.0,1.0,10C1,DC,0.0,7.0,CG1,7.25,3.0,8.0,3.0,5.25,2.0
1.0,1.0,10C1,DC,0.0,7.0,CG1,7.5,3.0,8.25,3.0,5.5,2.0
12.0,0.0,10C1,DC,0.0,7.0,CG1,8.5,4.0,8.5,4.0,6.5,2.0
40.0,1.0,10C1,DC,0.0,7.0,CG1,8.5,4.0,8.75,4.0,5.25,2.0
41.0,1.0,C2,DC,0.0,7.0,CG1,8.75,4.0,7.5,3.0,6.25,2.0
41.0,1.0,10C1,DC,0.0,7.0,CG1,8.75,4.0,8.5,4.0,6.25,2.0
3.0,1.0,10C1,DC,0.0,7.0,CG1,9.0,4.0,8.25,3.0,5.5,2.0
21.0,1.0,C2,DC,0.0,7.0,CG1,9.5,4.0,8.0,3.0,5.5,2.0
14.0,1.0,C2,DC,0.0,7.0,CG1,9.5,4.0,8.0,3.0,3.0,1.0
10.0,1.0,C2,DC,0.0,7.0,CG1,9.75,4.0,7.0,3.0,6.75,2.0
35.0,1.0,C2,DC,0.0,7.0,CG1,9.75,4.0,7.0,3.0,1.0,1.0
38.0,1.0,C2,DC,0.0,7.0,CG1,9.75,4.0,7.5,3.0,1.0,1.0
39.0,0.0,10A2,TN,1.0,7.25,CG1,5.5,2.0,2.0,1.0,8.25,3.0
17.0,1.0,10C1,DC,0.0,7.25,CG1,8.25,3.0,7.5,3.0,5.25,2.0
10.0,1.0,10A4,TN,1.0,7.25,CG1,8.5,4.0,9.5,4.0,6.5,2.0
26.0,0.0,C2,DC,0.0,7.25,CG1,8.75,4.0,6.5,2.0,2.0,1.0
2.0,0.0,C2,DC,0.0,7.25,CG1,8.75,4.0,8.0,3.0,5.0,2.0
34.0,0.0,C2,DC,0.0,7.25,CG1,9.0,4.0,5.75,2.0,1.0,1.0
31.0,0.0,C2,DC,0.0,7.25,CG1,9.0,4.0,6.75,2.0,3.0,1.0
29.0,1.0,C2,DC,0.0,7.25,CG1,9.0,4.0,8.0,3.0,6.75,2.0
27.0,1.0,10C1,DC,0.0,7.25,CG1,9.5,4.0,9.5,4.0,5.25,2.0
5.0,1.0,10C1,DC,0.0,7.25,CG1,9.75,4.0,8.5,4.0,6.25,2.0
19.0,1.0,C2,DC,0.0,7.5,CG2,8.5,4.0,7.5,3.0,6.25,2.0
11.0,1.0,10C1,DC,0.0,7.5,CG2,9.25,4.0,8.5,4.0,5.75,2.0
42.0,1.0,10C1,DC,0.0,7.5,CG2,9.75,4.0,8.5,4.0,5.5,2.0
9.0,0.0,10A4,TN,1.0,7.5,CG2,9.75,4.0,9.5,4.0,6.0,2.0
37.0,0.0,10A2,TN,1.0,7.75,CG2,6.5,2.0,5.75,2.0,7.25,3.0
22.0,1.0,10A2,TN,1.0,7.75,CG2,7.0,3.0,6.75,2.0,7.0,3.0
1.0,1.0,10A2,TN,1.0,7.75,CG2,8.75,4.0,9.5,4.0,7.75,3.0
21.0,0.0,10A4,TN,1.0,7.75,CG2,9.25,4.0,9.5,4.0,8.0,3.0
41.0,1.0,10A4,TN,1.0,8.0,CG3,8.5,4.0,8.75,4.0,7.0,3.0
42.0,0.0,10A2,TN,1.0,8.0,CG3,8.75,4.0,9.5,4.0,8.25,3.0
7.0,1.0,10A4,TN,1.0,8.0,CG3,9.0,4.0,8.75,4.0,7.25,3.0
38.0,0.0,10C1,DC,0.0,8.0,CG3,9.25,4.0,9.5,4.0,7.75,3.0
39.0,0.0,10C1,DC,0.0,8.0,CG3,9.75,4.0,8.75,4.0,8.0,3.0
34.0,1.0,10A4,TN,1.0,8.0,CG3,9.75,4.0,9.75,4.0,7.75,3.0
41.0,0.0,10A2,TN,1.0,8.25,CG3,5.75,2.0,3.0,1.0,7.75,3.0
19.0,0.0,10A2,TN,1.0,8.25,CG3,7.5,3.0,6.75,2.0,7.5,3.0
16.0,1.0,C2,DC,0.0,8.25,CG3,8.5,4.0,9.0,4.0,6.0,2.0
44.0,1.0,C2,DC,0.0,8.25,CG3,8.5,4.0,9.5,4.0,5.5,2.0
11.0,1.0,10A2,TN,1.0,8.25,CG3,8.75,4.0,9.75,4.0,7.75,3.0
15.0,1.0,10A2,TN,1.0,8.5,CG4,5.0,2.0,6.25,2.0,9.75,4.0
13.0,0.0,C2,DC,0.0,8.5,CG4,8.5,4.0,9.0,4.0,7.5,3.0
44.0,0.0,10A2,TN,1.0,8.5,CG4,9.0,4.0,8.0,3.0,8.75,4.0
38.0,1.0,10A4,TN,1.0,8.5,CG4,9.0,4.0,9.0,4.0,7.5,3.0
46.0,1.0,C2,DC,0.0,8.5,CG4,9.0,4.0,9.5,4.0,8.0,3.0
37.0,1.0,10A4,TN,1.0,8.5,CG4,9.0,4.0,9.75,4.0,8.75,4.0
5.0,1.0,10A2,TN,1.0,8.5,CG4,9.25,4.0,8.5,4.0,9.75,4.0
29.0,0.0,10A2,TN,1.0,8.75,CG4,8.5,4.0,8.75,4.0,8.25,3.0
24.0,1.0,10A4,TN,1.0,8.75,CG4,8.5,4.0,9.75,4.0,8.0,3.0
36.0,1.0,C2,DC,0.0,8.75,CG4,8.75,4.0,8.75,4.0,6.0,2.0
30.0,0.0,10A4,TN,1.0,8.75,CG4,9.0,4.0,9.25,4.0,8.0,3.0
5.0,1.0,10A4,TN,1.0,8.75,CG4,9.0,4.0,9.5,4.0,8.0,3.0
26.0,0.0,10A4,TN,1.0,8.75,CG4,9.0,4.0,9.5,4.0,7.5,3.0
16.0,0.0,10A2,TN,1.0,8.75,CG4,9.25,4.0,8.5,4.0,9.5,4.0
14.0,1.0,10C1,DC,0.0,8.75,CG4,9.5,4.0,9.5,4.0,8.25,3.0
30.0,1.0,10C1,DC,0.0,8.75,CG4,9.75,4.0,9.25,4.0,7.5,3.0
2.0,1.0,10C1,DC,0.0,9.0,TK1,8.75,4.0,9.0,4.0,7.25,3.0
13.0,1.0,10A4,TN,1.0,9.0,TK1,8.75,4.0,9.5,4.0,9.25,4.0
16.0,0.0,10C1,DC,0.0,9.0,TK1,9.25,4.0,9.75,4.0,8.5,4.0
39.0,0.0,C2,DC,0.0,9.0,TK1,9.75,4.0,9.25,4.0,7.0,3.0
23.0,1.0,C2,DC,0.0,9.25,TK2,8.5,4.0,9.25,4.0,8.5,4.0
44.0,0.0,10A4,TN,1.0,9.25,TK2,8.75,4.0,8.75,4.0,9.0,4.0
6.0,0.0,10C1,DC,0.0,9.25,TK2,9.25,4.0,9.75,4.0,8.5,4.0
39.0,1.0,10A4,TN,1.0,9.25,TK2,9.75,4.0,8.75,4.0,9.0,4.0
10.0,0.0,10A2,TN,1.0,9.25,TK2,9.75,4.0,9.5,4.0,8.5,4.0
6.0,1.0,10A2,TN,1.0,9.5,TK3,6.0,2.0,5.5,2.0,9.5,4.0
25.0,0.0,10A4,TN,1.0,9.5,TK3,9.0,4.0,8.75,4.0,9.0,4.0
35.0,1.0,10A2,TN,1.0,9.5,TK3,9.0,4.0,9.0,4.0,9.25,4.0
35.0,0.0,10A4,TN,1.0,9.5,TK3,9.25,4.0,9.5,4.0,8.5,4.0
43.0,0.0,10A2,TN,1.0,9.75,TK4,9.0,4.0,7.0,3.0,8.5,4.0
12.0,0.0,10A4,TN,1.0,9.75,TK4,9.25,4.0,9.5,4.0,8.75,4.0
24.0,1.0,10A2,TN,1.0,9.75,TK4,9.5,4.0,7.0,3.0,8.75,4.0
